Gene,ColonCancer,BreastCancer
BRCA1,,BreastHighRisk
BRCA2,,BreastHighRisk
CDH1,ColonLowRisk,BreastHighRisk
PTEN,ColonLowRisk,BreastHighRisk
STK11,ColonMedRisk,BreastHighRisk
TP53,ColonMedRisk,BreastHighRisk
ABHD8,,BreastLowRisk
ABRAXAS1,,BreastLowRisk
AC004066.3,,BreastLowRisk
ADCY3,,BreastLowRisk
ADCY9,,BreastLowRisk
AFF4,,BreastLowRisk
AKAP9,,BreastLowRisk
AKT1,ColonLowRisk,BreastLowRisk
ALS2CR12,,BreastLowRisk
ANKLE1,,BreastLowRisk
AP5B1,,BreastLowRisk
ARHGEF38,,BreastLowRisk
ARRDC3,,BreastLowRisk
ATAD2,,BreastLowRisk
ATF7IP,,BreastLowRisk
ATP13A1,,BreastLowRisk
ATXN7,,BreastLowRisk
BARD1,,BreastLowRisk
BARX2,,BreastLowRisk
BLM,,BreastLowRisk
BMI1,,BreastLowRisk
C11orf65,,BreastLowRisk
C6orf211,,BreastLowRisk
CACNA1A,,BreastLowRisk
CASP8,,BreastLowRisk
CASR,ColonLowRisk,BreastLowRisk
CASZ1,,BreastLowRisk
CBX6,,BreastLowRisk
CCDC12,,BreastLowRisk
CCDC170,,BreastLowRisk
CCDC40,,BreastLowRisk
CCDC91,,BreastLowRisk
CCND1,,BreastLowRisk
CCNE1,,BreastLowRisk
CD151,,BreastLowRisk
CDK12,ColonLowRisk,BreastLowRisk
CDKAL1,,BreastLowRisk
CDYL2,,BreastLowRisk
CFL1,,BreastLowRisk
CFLAR,,BreastLowRisk
CHEK1,,BreastLowRisk
CLPTM1L,,BreastLowRisk
CMSS1,,BreastLowRisk
COMMD3,,BreastLowRisk
CREBBP,,BreastLowRisk
CRLF1,,BreastLowRisk
CRNDE,,BreastLowRisk
CTA-292E10.6,,BreastLowRisk
CTD-3032H12.2,,BreastLowRisk
CUX1,,BreastLowRisk
DAND5,,BreastLowRisk
DNMT3A,,BreastLowRisk
DUSP4,,BreastLowRisk
DYNC1I2,,BreastLowRisk
DYNLRB2,,BreastLowRisk
EBF1,,BreastLowRisk
EFNA1,,BreastLowRisk
ELL,,BreastLowRisk
EP300,,BreastLowRisk
EPCAM,ColonHighRisk,BreastLowRisk
EPS8L2,,BreastLowRisk
ESR1,,BreastLowRisk
EWSR1,,BreastLowRisk
EXO1,,BreastLowRisk
FAM189B,,BreastLowRisk
FANCM,,BreastLowRisk
FBXO32,,BreastLowRisk
FGFR2,,BreastLowRisk
FILIP1L,,BreastLowRisk
FKBP8,,BreastLowRisk
FOXI1,,BreastLowRisk
GATA3,,BreastLowRisk
GATAD2A,,BreastLowRisk
GCDH,,BreastLowRisk
GDF15,,BreastLowRisk
GEN1,,BreastLowRisk
GRHL2,,BreastLowRisk
HOOK2,,BreastLowRisk
HSPA4,,BreastLowRisk
IGFBP5,,BreastLowRisk
INHBB,,BreastLowRisk
IRX3,,BreastLowRisk
ISYNA1,,BreastLowRisk
JUNB,,BreastLowRisk
KAT5,,BreastLowRisk
KB-1562D12.1,,BreastLowRisk
KB-1930G5.4,,BreastLowRisk
KCNN4,,BreastLowRisk
KCTD1,,BreastLowRisk
KDELC2,,BreastLowRisk
KLF4,,BreastLowRisk
KLF5,,BreastLowRisk
KLHDC7A,,BreastLowRisk
KRIT1,,BreastLowRisk
KXD1,,BreastLowRisk
L3MBTL3,,BreastLowRisk
LPAR2,,BreastLowRisk
LRRC41,,BreastLowRisk
LRRN2,,BreastLowRisk
MAFF,,BreastLowRisk
MAP3K1,,BreastLowRisk
MAST1,,BreastLowRisk
MAST2,,BreastLowRisk
MAU2,,BreastLowRisk
MDM4,,BreastLowRisk
MEF2B,,BreastLowRisk
MEF2BNB,,BreastLowRisk
MKL1,,BreastLowRisk
MLH1,ColonHighRisk,BreastLowRisk
MLH3,ColonLowRisk,BreastLowRisk
MRE11/MRE11A,,BreastLowRisk
MRPL34,,BreastLowRisk
MRPS18C,,BreastLowRisk
MSH2,ColonHighRisk,BreastLowRisk
MSH6,ColonHighRisk,BreastLowRisk
MSI1,,BreastLowRisk
MTX1,,BreastLowRisk
MUC1,,BreastLowRisk
MUTYH,ColonHighRisk,BreastLowRisk
MYC,,BreastLowRisk
MYEOV,,BreastLowRisk
NBEAL2,,BreastLowRisk
NDUFA13,,BreastLowRisk
NF1,,BreastLowRisk
NIF3L1,,BreastLowRisk
NOL7,,BreastLowRisk
NPTXR,,BreastLowRisk
NRIP1,,BreastLowRisk
NTN4,,BreastLowRisk
NUDT17,,BreastLowRisk
OSR1,,BreastLowRisk
OVOL1,,BreastLowRisk
PAX9,,BreastLowRisk
PBX4,,BreastLowRisk
PDDC1,,BreastLowRisk
PDZK1,,BreastLowRisk
PEX14,,BreastLowRisk
PIAS3,,BreastLowRisk
PIDD1,,BreastLowRisk
PIK3C2B,,BreastLowRisk
PIK3CA,ColonLowRisk,BreastLowRisk
PIK3R3,,BreastLowRisk
PLA2G6,,BreastLowRisk
PLAUR,,BreastLowRisk
POLR3GL,,BreastLowRisk
POMGNT1,,BreastLowRisk
PPIL3,,BreastLowRisk
PPP1CB,,BreastLowRisk
PPP1R15B,,BreastLowRisk
PRDX2,,BreastLowRisk
PSMD6,,BreastLowRisk
PSMD6-AS2,,BreastLowRisk
PTHLH,,BreastLowRisk
RAD50,,BreastLowRisk
RAD51B,,BreastLowRisk
RAD51C,,BreastLowRisk
RAD51D,,BreastLowRisk
RANBP9,,BreastLowRisk
RCCD1,,BreastLowRisk
RECQL,,BreastLowRisk
RFXANK,,BreastLowRisk
RIN3,,BreastLowRisk
RINT1,ColonLowRisk,BreastLowRisk
RNASEH2C,,BreastLowRisk
RNF115,,BreastLowRisk
RP11-18F14.4,,BreastLowRisk
RP11-263K19.4,,BreastLowRisk
RP11-525K10.3,,BreastLowRisk
RP1-223E5.4,,BreastLowRisk
RPLP0,,BreastLowRisk
RSBN1,,BreastLowRisk
SLC25A17,,BreastLowRisk
SLC25A21,,BreastLowRisk
SLC50A1,,BreastLowRisk
SMG9,,BreastLowRisk
SOX13,,BreastLowRisk
SUGP1,,BreastLowRisk
SUN2,,BreastLowRisk
TBC1D23,,BreastLowRisk
TBX3,,BreastLowRisk
TCF7L2,,BreastLowRisk
TET2,,BreastLowRisk
TGFBR2,,BreastLowRisk
THBS3,,BreastLowRisk
THOC7,,BreastLowRisk
TLR1,,BreastLowRisk
TMEM184B,,BreastLowRisk
TNFSF10,,BreastLowRisk
TNNI1,,BreastLowRisk
TOX3,,BreastLowRisk
TRIM27,,BreastLowRisk
TRIM46,,BreastLowRisk
TRMT61B,,BreastLowRisk
TRPS1,,BreastLowRisk
UBA52,,BreastLowRisk
WDYHV1,,BreastLowRisk
WNT7B,,BreastLowRisk
XBP1,,BreastLowRisk
XRCC2,,BreastLowRisk
ZBTB38,,BreastLowRisk
ZC3H11A,,BreastLowRisk
ZCCHC10,,BreastLowRisk
ZCCHC24,,BreastLowRisk
ZFP36L1,,BreastLowRisk
ZMIZ1,,BreastLowRisk
ZNF703,,BreastLowRisk
ATM,,BreastMedRisk
BRIP1,,BreastMedRisk
CHEK2,ColonLowRisk,BreastMedRisk
NBN,,BreastMedRisk
PALB2,,BreastMedRisk
ABCB1,Clotting,Clotting
APOB,Clotting,Clotting
APOC1,Clotting,Clotting
APOE,PathwayPanel,PathwayPanel
CRP,Clotting,Clotting
EPHA7,Clotting,Clotting
EPHX1,Clotting,Clotting
F7,Clotting,Clotting
HNF4A,Clotting,Clotting
NQO1,Clotting,Clotting
P2RY12,Clotting,Clotting
THBD,Clotting,Clotting
VEGFA,Clotting,Clotting
F12,InheritedThrombophilia,InheritedThrombophilia
F2,InheritedThrombophilia,InheritedThrombophilia
F5,PathwayPanel,PathwayPanel
F8,InheritedThrombophilia,InheritedThrombophilia
PROC,InheritedThrombophilia,InheritedThrombophilia
PROS1,InheritedThrombophilia,InheritedThrombophilia
SERPIND1,InheritedThrombophilia,InheritedThrombophilia
SERPINE1,InheritedThrombophilia,InheritedThrombophilia
ADRB2,PathwayPanel,PathwayPanel
COMT,PathwayPanel,PathwayPanel
CYP2D6,PathwayPanel,PathwayPanel
FABP2,PathwayPanel,PathwayPanel
FTO,PathwayPanel,PathwayPanel
GSTM1,PathwayPanel,PathwayPanel
GSTT1,PathwayPanel,PathwayPanel
HFE,PathwayPanel,PathwayPanel
MnSOD,PathwayPanel,PathwayPanel
SOD2,PathwayPanel,PathwayPanel
MTHFR,PathwayPanel,PathwayPanel
PPARg,PathwayPanel,PathwayPanel
PPARG,PathwayPanel,PathwayPanel
TMPRSS6,PathwayPanel,PathwayPanel
TNFa,PathwayPanel,PathwayPanel
TNFA,PathwayPanel,PathwayPanel
CALU,WarfarinPGX,WarfarinPGX
CYP1A1,WarfarinPGX,WarfarinPGX
CYP1A2,WarfarinPGX,WarfarinPGX
CYP2A6,WarfarinPGX,WarfarinPGX
CYP2C19,WarfarinPGX,WarfarinPGX
CYP2C8,WarfarinPGX,WarfarinPGX
CYP2C9,WarfarinPGX,WarfarinPGX
CYP3A4,WarfarinPGX,WarfarinPGX
CYP4F2,WarfarinPGX,WarfarinPGX
GGCX,WarfarinPGX,WarfarinPGX
VKORC1,WarfarinPGX,WarfarinPGX
ABCB11,,
AIP,,
ALK,,
APC,ColonHighRisk,
ATR,,
AXIN2,ColonLowRisk,
BAP1,,
BMPR1A,ColonHighRisk,
BRAF,,
BUB1B,,
CALU,,
CBL,,
CDC73,,
CDK4,,
CDKN1B,,
CDKN1C,,
CDKN2A,,
CEBPA,,
COL7A1,,
CTNNA1,ColonLowRisk,
CTR9,,
CYLD,,
CYP1A1,,
CYP2C19,,
CYP2C8,,
DDB2,,
DICER1,,
DIS3L2,,
DKC1,,
DOCK8,,
DROSHA,,
EGFR,,
ELANE,,
ENG,,
ERCC1,,
ERCC2,,
ERCC3,,
ERCC4,,
ERCC5,,
ETV6,,
EXT1,,
EXT2,,
FAH,,
FANCA,,
FANCC,,
FANCD2,,
FANCE,,
FANCF,,
FANCG,,
FANCI,,
FANCL,,
FH,,
FLCN,,
GALNT12,ColonLowRisk,
GATA2,,
GBA,,
GJB2,,
GPC3,,
GREM1,ColonLowRisk,
HMBS,,
HNF1A,,
HOXB13,,
HRAS,,
ITK,,
JMJD1C,,
KIF1B,,
KIT,,
KRAS,,
LMO1,,
MAP2K1,,
MAP2K2,,
MAX,,
MEN1,,
MET,,
MITF,,
MPL,,
MSH3,ColonLowRisk,
MTAP,,
NF2,,
NHP2,,
NOP10,,
NRAS,,
NTHL1,ColonLowRisk,
PALLD,,
PAX5,,
PDGFRA,,
PHOX2B,,
PMS1,ColonLowRisk,
PMS2,ColonHighRisk,
POLD1,ColonLowRisk,
POLE,ColonLowRisk,
POLH,,
POT1,,
PRDM9,,
PRF1,,
PRKAR1A,,
PRSS1,,
PTCH1,,
PTPN11,,
RAF1,,
RB1,,
RECQL4,,
RET,,
RHBDF2,,
RMRP,,
RNF43,ColonLowRisk,
RPS20,ColonLowRisk,
RUNX1,,
SBDS,,
SDHA,,
SDHAF2,,
SDHB,,
SDHC,,
SDHD,,
SERPINA1,,
SETBP1,,
SH2B3,,
SH2D1A,,
SHOC2,,
SLC25A13,,
SMAD4,ColonHighRisk,
SMARCA4,,
SMARCB1,,
SMARCE1,,
SOS1,,
SPRTN,,
SRY,,
STAT3,,
SUFU,,
TERC,,
TERT,,
TGFBR1,,
TMEM127,,
TNFRSF6,,
TRIM37,,
TSC1,,
TSC2,,
TSHR,,
UROD,,
VHL,,
WAS,,
WRN,,
WT1,,
XPA,,
XPC,,
ACD,,
CTRC,,
FAM175A,,
FANCB,,
MRE11A,,
NSD1,,
RAD51,,
SLX4,,
SPINK1,,
TERF2IP,,
CDKN2B,,BreastMedRisk
